{"is_source_file": false, "format": "", "description": "", "external_files": [], "external_methods": [], "published": [], "classes": [], "methods": [], "calls": [], "search-terms": [], "state": 2, "file_id": 1, "knowledge_revision": 14, "git_revision": "b43645802031dca3b06f13be51bd03c948d11968", "hash": "9aa1e031090a93ff4399e6815e9c9ce3", "format-version": 4, "code-base-name": "spotify_style_frontend", "filename": "README.md", "revision_history": [{"14": "b43645802031dca3b06f13be51bd03c948d11968"}]}