{"is_source_file": false, "format": "", "description": "", "external_files": [], "external_methods": [], "published": [], "classes": [], "methods": [], "calls": [], "search-terms": [], "state": 2, "file_id": 2, "knowledge_revision": 26, "git_revision": "8bcb349268ee0613c7ec0d71aef423029c99528a", "hash": "d1f83b7aea0f420023894b30be2711da", "format-version": 4, "code-base-name": "spotify_style_frontend", "filename": "spotify_style_frontend/package.json", "revision_history": [{"26": "8bcb349268ee0613c7ec0d71aef423029c99528a"}]}