{"is_source_file": true, "format": "JavaScript", "description": "This file defines a React context and provider component for managing audio playback state in a music streaming frontend. It includes functions for playing tracks, pausing, seeking, and queue management, as well as event handling for audio element events.", "external_files": ["../api/audius"], "external_methods": ["getTrackStreamUrl"], "published": ["PlaybackProvider", "usePlayback"], "classes": [], "methods": [{"name": "formatTime(seconds)", "description": "Formats a time in seconds into 'M:SS' string.", "scope": "", "scopeKind": ""}, {"name": "PlaybackProvider({ children })", "description": "React component providing playback context, managing audio element and playback state.", "scope": "", "scopeKind": ""}, {"name": "usePlayback()", "description": "Custom hook to access the PlaybackContext.", "scope": "", "scopeKind": ""}], "calls": ["getTrackStreamUrl"], "search-terms": ["PlaybackContext", "playTrack", "togglePlay", "addToQueue", "audioRef", "PlaybackProvider", "usePlayback", "seek", "playNext"], "state": 2, "file_id": 14, "knowledge_revision": 44, "git_revision": "5a09bed87ed41855ec5f36e9f5df44bb45e49f48", "ctags": [{"_type": "tag", "name": "PlaybackContext", "path": "/home/kavia/workspace/code-generation/music-streamer-9845-9870/spotify_style_frontend/src/context/PlaybackContext.js", "pattern": "/^const PlaybackContext = createContext(null);$/", "language": "JavaScript", "kind": "constant"}, {"_type": "tag", "name": "PlaybackProvider", "path": "/home/kavia/workspace/code-generation/music-streamer-9845-9870/spotify_style_frontend/src/context/PlaybackContext.js", "pattern": "/^export function PlaybackProvider({ children }) {$/", "language": "JavaScript", "kind": "function", "signature": "({ children })"}, {"_type": "tag", "name": "formatTime", "path": "/home/kavia/workspace/code-generation/music-streamer-9845-9870/spotify_style_frontend/src/context/PlaybackContext.js", "pattern": "/^function formatTime(seconds) {$/", "language": "JavaScript", "kind": "function", "signature": "(seconds)"}, {"_type": "tag", "name": "usePlayback", "path": "/home/kavia/workspace/code-generation/music-streamer-9845-9870/spotify_style_frontend/src/context/PlaybackContext.js", "pattern": "/^export function usePlayback() {$/", "language": "JavaScript", "kind": "function", "signature": "()"}, {"_type": "tag", "name": "value", "path": "/home/kavia/workspace/code-generation/music-streamer-9845-9870/spotify_style_frontend/src/context/PlaybackContext.js", "pattern": "/^  return <PlaybackContext.Provider value={value}>{children}<\\/PlaybackContext.Provider>;$/", "language": "JavaScript", "kind": "field", "scope": "Provider", "scopeKind": "class"}], "hash": "0813d61e4293a9a65df8dc352c5fa6cb", "format-version": 4, "code-base-name": "spotify_style_frontend", "filename": "spotify_style_frontend/src/context/PlaybackContext.js", "fields": [{"name": "return <PlaybackContext.Provider value={value}>{children}<\\/PlaybackContext.Provider>;", "scope": "Provider", "scopeKind": "class", "description": "unavailable"}], "revision_history": [{"44": "5a09bed87ed41855ec5f36e9f5df44bb45e49f48"}]}