{"is_source_file": true, "format": "JavaScript", "description": "This is a React component file for a 'TrackDetailsPage' in a music streaming web application. It displays detailed information about a specific track, handles loading and error states, and provides controls for saving, queuing, and playing the track.", "external_files": ["../api/audius", "../context/PlaybackContext"], "external_methods": ["getArtworkUrl", "getTrackById", "usePlayback"], "published": ["default"], "classes": [], "methods": [{"name": "loadIds()", "description": "Loads an array of saved track IDs from local storage.", "scope": "", "scopeKind": ""}, {"name": "saveIds(ids)", "description": "Saves an array of track IDs to local storage.", "scope": "", "scopeKind": ""}, {"name": "TrackDetailsPage()", "description": "React functional component for displaying details of a specific audio track, including artwork, title, artist, genre, mood, and playback controls.", "scope": "", "scopeKind": ""}], "calls": ["useParams", "usePlayback", "getTrackById", "getArtworkUrl"], "search-terms": ["TrackDetailsPage", "usePlayback", "getTrackById", "LocalStorage"], "state": 2, "file_id": 22, "knowledge_revision": 52, "git_revision": "5a09bed87ed41855ec5f36e9f5df44bb45e49f48", "ctags": [{"_type": "tag", "name": "LS_KEY", "path": "/home/kavia/workspace/code-generation/music-streamer-9845-9870/spotify_style_frontend/src/pages/TrackDetailsPage.js", "pattern": "/^const LS_KEY = \"ocean_player_library_track_ids\";$/", "language": "JavaScript", "kind": "constant"}, {"_type": "tag", "name": "TrackDetailsPage", "path": "/home/kavia/workspace/code-generation/music-streamer-9845-9870/spotify_style_frontend/src/pages/TrackDetailsPage.js", "pattern": "/^export default function TrackDetailsPage() {$/", "language": "JavaScript", "kind": "function", "signature": "()"}, {"_type": "tag", "name": "loadIds", "path": "/home/kavia/workspace/code-generation/music-streamer-9845-9870/spotify_style_frontend/src/pages/TrackDetailsPage.js", "pattern": "/^function loadIds() {$/", "language": "JavaScript", "kind": "function", "signature": "()"}, {"_type": "tag", "name": "saveIds", "path": "/home/kavia/workspace/code-generation/music-streamer-9845-9870/spotify_style_frontend/src/pages/TrackDetailsPage.js", "pattern": "/^function saveIds(ids) {$/", "language": "JavaScript", "kind": "function", "signature": "(ids)"}], "hash": "dc934834f9f5bb61b53621ac1ab58616", "format-version": 4, "code-base-name": "spotify_style_frontend", "filename": "spotify_style_frontend/src/pages/TrackDetailsPage.js", "revision_history": [{"52": "5a09bed87ed41855ec5f36e9f5df44bb45e49f48"}]}