{"is_source_file": true, "format": "JavaScript (React JSX)", "description": "This file defines a React functional component called SearchPage that provides a music track search interface, utilizing hooks for state management and effect handling, and interacting with an external API to fetch search results.", "external_files": ["../api/audius", "../components/TrackRow"], "external_methods": ["searchTracks"], "published": ["SearchPage"], "classes": [], "methods": [{"name": "SearchPage()", "description": "React functional component for the search interface, managing state and effects.", "scope": "", "scopeKind": ""}], "calls": ["searchTracks"], "search-terms": ["SearchPage", "searchTracks", "TrackRow", "useEffect", "useState", "useMemo", "React"], "state": 2, "file_id": 20, "knowledge_revision": 50, "git_revision": "5a09bed87ed41855ec5f36e9f5df44bb45e49f48", "ctags": [{"_type": "tag", "name": "SearchPage", "path": "/home/kavia/workspace/code-generation/music-streamer-9845-9870/spotify_style_frontend/src/pages/SearchPage.js", "pattern": "/^export default function SearchPage() {$/", "language": "JavaScript", "kind": "function", "signature": "()"}, {"_type": "tag", "name": "query", "path": "/home/kavia/workspace/code-generation/music-streamer-9845-9870/spotify_style_frontend/src/pages/SearchPage.js", "pattern": "/^              value={query}$/", "language": "JavaScript", "kind": "field", "scope": "SearchPage.value", "scopeKind": "class"}], "hash": "be995cded212de36eb4002b24dabf65f", "format-version": 4, "code-base-name": "spotify_style_frontend", "filename": "spotify_style_frontend/src/pages/SearchPage.js", "fields": [{"name": "value={query}", "scope": "SearchPage.value", "scopeKind": "class", "description": "unavailable"}], "revision_history": [{"50": "5a09bed87ed41855ec5f36e9f5df44bb45e49f48"}]}