{"is_source_file": true, "file_id": 14, "git_revision": "", "state": 1, "description": "", "external_files": [], "external_methods": [], "published": [], "classes": [], "methods": [], "calls": [], "search-terms": [], "ctags": [{"_type": "tag", "name": "PlaybackContext", "path": "/home/kavia/workspace/code-generation/music-streamer-9845-9870/spotify_style_frontend/src/context/PlaybackContext.js", "pattern": "/^const PlaybackContext = createContext(null);$/", "language": "JavaScript", "kind": "constant"}, {"_type": "tag", "name": "PlaybackProvider", "path": "/home/kavia/workspace/code-generation/music-streamer-9845-9870/spotify_style_frontend/src/context/PlaybackContext.js", "pattern": "/^export function PlaybackProvider({ children }) {$/", "language": "JavaScript", "kind": "function", "signature": "({ children })"}, {"_type": "tag", "name": "formatTime", "path": "/home/kavia/workspace/code-generation/music-streamer-9845-9870/spotify_style_frontend/src/context/PlaybackContext.js", "pattern": "/^function formatTime(seconds) {$/", "language": "JavaScript", "kind": "function", "signature": "(seconds)"}, {"_type": "tag", "name": "usePlayback", "path": "/home/kavia/workspace/code-generation/music-streamer-9845-9870/spotify_style_frontend/src/context/PlaybackContext.js", "pattern": "/^export function usePlayback() {$/", "language": "JavaScript", "kind": "function", "signature": "()"}, {"_type": "tag", "name": "value", "path": "/home/kavia/workspace/code-generation/music-streamer-9845-9870/spotify_style_frontend/src/context/PlaybackContext.js", "pattern": "/^  return <PlaybackContext.Provider value={value}>{children}<\\/PlaybackContext.Provider>;$/", "language": "JavaScript", "kind": "field", "scope": "Provider", "scopeKind": "class"}], "format": "JavaScript", "hash": "0813d61e4293a9a65df8dc352c5fa6cb", "format-version": 4, "code-base-name": "spotify_style_frontend", "filename": "spotify_style_frontend/src/context/PlaybackContext.js", "knowledge_revision": 30}