{"is_source_file": false, "format": "", "description": "", "external_files": [], "external_methods": [], "published": [], "classes": [], "methods": [], "calls": [], "search-terms": [], "state": 2, "file_id": 7, "knowledge_revision": 23, "git_revision": "8bcb349268ee0613c7ec0d71aef423029c99528a", "ctags": [], "hash": "1a77571e1a8cf36018a41bcedf60db75", "format-version": 4, "code-base-name": "spotify_style_frontend", "filename": "spotify_style_frontend/src/setupTests.js", "revision_history": [{"23": "8bcb349268ee0613c7ec0d71aef423029c99528a"}]}