{"is_source_file": true, "format": "JavaScript (React JSX)", "description": "This file defines the PlayerDock React component, which renders a persistent music player footer with track info, playback controls, and volume control. It interacts with a PlaybackContext to manage playback state and actions, and references external API functions for artwork URLs.", "external_files": ["../api/audius", "../context/PlaybackContext"], "external_methods": ["getArtworkUrl", "usePlayback"], "published": ["default"], "classes": [], "methods": [{"name": "PlayerDock()", "description": "Main React component rendering the player footer with track info, controls, and progress bar.", "scope": "", "scopeKind": ""}, {"name": "VolumeSlider()", "description": "Functional component providing a volume range input, controlling playback volume.", "scope": "PlayerDock", "scopeKind": "function"}, {"name": "useVolumeSetter()", "description": "Custom hook for setting volume within the PlaybackContext, wraps internal context method or no-op if unavailable.", "scope": "PlayerDock", "scopeKind": "function"}], "calls": ["usePlayback", "getArtworkUrl", "seek", "formatTime", "togglePlay", "useVolumeSetter().__setVolume"], "search-terms": ["PlayerDock", "usePlayback", "getArtworkUrl", "VolumeSlider", "seek", "formatTime", "togglePlay", "progressPct"], "state": 2, "file_id": 18, "knowledge_revision": 48, "git_revision": "5a09bed87ed41855ec5f36e9f5df44bb45e49f48", "ctags": [{"_type": "tag", "name": "0", "path": "/home/kavia/workspace/code-generation/music-streamer-9845-9870/spotify_style_frontend/src/components/PlayerDock.js", "pattern": "/^            aria-valuemin={0}$/", "language": "JavaScript", "kind": "field", "scope": "PlayerDock.aria", "scopeKind": "class"}, {"_type": "tag", "name": "0", "path": "/home/kavia/workspace/code-generation/music-streamer-9845-9870/spotify_style_frontend/src/components/PlayerDock.js", "pattern": "/^            tabIndex={0}$/", "language": "JavaScript", "kind": "field", "scope": "PlayerDock.tabIndex", "scopeKind": "class"}, {"_type": "tag", "name": "0", "path": "/home/kavia/workspace/code-generation/music-streamer-9845-9870/spotify_style_frontend/src/components/PlayerDock.js", "pattern": "/^      min={0}$/", "language": "JavaScript", "kind": "field", "scope": "PlayerDock.VolumeSlider.min", "scopeKind": "class"}, {"_type": "tag", "name": "0", "path": "/home/kavia/workspace/code-generation/music-streamer-9845-9870/spotify_style_frontend/src/components/PlayerDock.js", "pattern": "/^      step={0.01}$/", "language": "JavaScript", "kind": "field", "scope": "PlayerDock.VolumeSlider.step", "scopeKind": "class"}, {"_type": "tag", "name": "1", "path": "/home/kavia/workspace/code-generation/music-streamer-9845-9870/spotify_style_frontend/src/components/PlayerDock.js", "pattern": "/^      max={1}$/", "language": "JavaScript", "kind": "field", "scope": "PlayerDock.VolumeSlider.max", "scopeKind": "class"}, {"_type": "tag", "name": "Math", "path": "/home/kavia/workspace/code-generation/music-streamer-9845-9870/spotify_style_frontend/src/components/PlayerDock.js", "pattern": "/^            aria-valuemax={Math.floor(duration || 0)}$/", "language": "JavaScript", "kind": "field", "scope": "PlayerDock.aria", "scopeKind": "class"}, {"_type": "tag", "name": "Math", "path": "/home/kavia/workspace/code-generation/music-streamer-9845-9870/spotify_style_frontend/src/components/PlayerDock.js", "pattern": "/^            aria-valuenow={Math.floor(position || 0)}$/", "language": "JavaScript", "kind": "field", "scope": "PlayerDock.aria", "scopeKind": "class"}, {"_type": "tag", "name": "PlayerDock", "path": "/home/kavia/workspace/code-generation/music-streamer-9845-9870/spotify_style_frontend/src/components/PlayerDock.js", "pattern": "/^export default function PlayerDock() {$/", "language": "JavaScript", "kind": "function", "signature": "()"}, {"_type": "tag", "name": "VolumeSlider", "path": "/home/kavia/workspace/code-generation/music-streamer-9845-9870/spotify_style_frontend/src/components/PlayerDock.js", "pattern": "/^function VolumeSlider() {$/", "language": "JavaScript", "kind": "function", "signature": "()", "scope": "PlayerDock", "scopeKind": "function"}, {"_type": "tag", "name": "cover", "path": "/home/kavia/workspace/code-generation/music-streamer-9845-9870/spotify_style_frontend/src/components/PlayerDock.js", "pattern": "/^        {cover ? <img src={cover} alt=\"\" \\/> : <div className=\"badge\">No track<\\/div>}$/", "language": "JavaScript", "kind": "field", "scope": "PlayerDock.cover", "scopeKind": "class"}, {"_type": "tag", "name": "isPlaying", "path": "/home/kavia/workspace/code-generation/music-streamer-9845-9870/spotify_style_frontend/src/components/PlayerDock.js", "pattern": "/^            aria-label={isPlaying ? \"Pause\" : \"Play\"}$/", "language": "JavaScript", "kind": "field", "scope": "PlayerDock.aria", "scopeKind": "class"}, {"_type": "tag", "name": "togglePlay", "path": "/home/kavia/workspace/code-generation/music-streamer-9845-9870/spotify_style_frontend/src/components/PlayerDock.js", "pattern": "/^            onClick={togglePlay}$/", "language": "JavaScript", "kind": "field", "scope": "PlayerDock.onClick", "scopeKind": "class"}, {"_type": "tag", "name": "useVolumeSetter", "path": "/home/kavia/workspace/code-generation/music-streamer-9845-9870/spotify_style_frontend/src/components/PlayerDock.js", "pattern": "/^function useVolumeSetter() {$/", "language": "JavaScript", "kind": "function", "signature": "()", "scope": "PlayerDock", "scopeKind": "function"}, {"_type": "tag", "name": "volume", "path": "/home/kavia/workspace/code-generation/music-streamer-9845-9870/spotify_style_frontend/src/components/PlayerDock.js", "pattern": "/^      value={volume}$/", "language": "JavaScript", "kind": "field", "scope": "PlayerDock.VolumeSlider.value", "scopeKind": "class"}], "hash": "3638bf4d88bb6efa54b9238dea72efa1", "format-version": 4, "code-base-name": "spotify_style_frontend", "filename": "spotify_style_frontend/src/components/PlayerDock.js", "fields": [{"name": "aria-valuemin={0}", "scope": "PlayerDock.aria", "scopeKind": "class", "description": "unavailable"}, {"name": "tabIndex={0}", "scope": "PlayerDock.tabIndex", "scopeKind": "class", "description": "unavailable"}, {"name": "min={0}", "scope": "PlayerDock.VolumeSlider.min", "scopeKind": "class", "description": "unavailable"}, {"name": "step={0.01}", "scope": "PlayerDock.VolumeSlider.step", "scopeKind": "class", "description": "unavailable"}, {"name": "max={1}", "scope": "PlayerDock.VolumeSlider.max", "scopeKind": "class", "description": "unavailable"}, {"name": "aria-valuemax={Math.floor(duration || 0)}", "scope": "PlayerDock.aria", "scopeKind": "class", "description": "unavailable"}, {"name": "aria-valuenow={Math.floor(position || 0)}", "scope": "PlayerDock.aria", "scopeKind": "class", "description": "unavailable"}, {"name": "{cover ? <img src={cover} alt=\"\" \\/> : <div className=\"badge\">No track<\\/div>}", "scope": "PlayerDock.cover", "scopeKind": "class", "description": "unavailable"}, {"name": "aria-label={isPlaying ? \"Pause\" : \"Play\"}", "scope": "PlayerDock.aria", "scopeKind": "class", "description": "unavailable"}, {"name": "onClick={togglePlay}", "scope": "PlayerDock.onClick", "scopeKind": "class", "description": "unavailable"}, {"name": "value={volume}", "scope": "PlayerDock.VolumeSlider.value", "scopeKind": "class", "description": "unavailable"}], "revision_history": [{"48": "5a09bed87ed41855ec5f36e9f5df44bb45e49f48"}]}