{"is_source_file": false, "format": "JSON", "description": "", "external_files": [], "external_methods": [], "published": [], "classes": [], "methods": [], "calls": [], "search-terms": [], "state": 2, "file_id": 9, "knowledge_revision": 16, "git_revision": "8bcb349268ee0613c7ec0d71aef423029c99528a", "hash": "d9d975cebe2ec20b6c652e1e4c12ccf0", "format-version": 4, "code-base-name": "spotify_style_frontend", "filename": "spotify_style_frontend/public/manifest.json", "revision_history": [{"16": "8bcb349268ee0613c7ec0d71aef423029c99528a"}]}