{"is_source_file": false, "format": "", "description": "", "external_files": [], "external_methods": [], "published": [], "classes": [], "methods": [], "calls": [], "search-terms": [], "state": 2, "file_id": 11, "knowledge_revision": 19, "git_revision": "8bcb349268ee0613c7ec0d71aef423029c99528a", "hash": "ebece526bc2eadd78ddd787a76c56607", "format-version": 4, "code-base-name": "spotify_style_frontend", "filename": "spotify_style_frontend/README.md", "revision_history": [{"19": "8bcb349268ee0613c7ec0d71aef423029c99528a"}]}