{"is_source_file": false, "format": "", "description": "", "external_files": [], "external_methods": [], "published": [], "classes": [], "methods": [], "calls": [], "search-terms": [], "state": 2, "file_id": 6, "knowledge_revision": 28, "git_revision": "8bcb349268ee0613c7ec0d71aef423029c99528a", "hash": "8f33b84dabb00c6d8ed0fb9634c968f2", "format-version": 4, "code-base-name": "spotify_style_frontend", "filename": "spotify_style_frontend/src/App.css", "revision_history": [{"28": "8bcb349268ee0613c7ec0d71aef423029c99528a"}]}