{"is_source_file": true, "format": "JavaScript (React JSX)", "description": "This file is a React component named AppLayout that serves as the main layout for the application, including sidebar, main content area, and a persistent footer player.", "external_files": ["./Sidebar", "./PlayerDock", "react", "react-router-dom"], "external_methods": ["useLocation", "Outlet"], "published": ["default"], "classes": [], "methods": [{"name": "titleForPath(pathname)", "description": "Function that maps URL pathname to a title and subtitle object for display purposes.", "scope": "", "scopeKind": ""}, {"name": "AppLayout()", "description": "React functional component that renders the application's main layout including sidebar, content outlet, and footer.", "scope": "", "scopeKind": ""}], "calls": ["useLocation()", "titleForPath()", "Sidebar", "PlayerDock", "Outlet"], "search-terms": ["AppLayout", "react-router-dom", "titleForPath", "Sidebar", "PlayerDock", "useLocation", "Outlet", "appShell", "main content layout"], "state": 2, "file_id": 23, "knowledge_revision": 53, "git_revision": "5a09bed87ed41855ec5f36e9f5df44bb45e49f48", "ctags": [{"_type": "tag", "name": "AppLayout", "path": "/home/kavia/workspace/code-generation/music-streamer-9845-9870/spotify_style_frontend/src/components/AppLayout.js", "pattern": "/^export default function AppLayout() {$/", "language": "JavaScript", "kind": "function", "signature": "()"}, {"_type": "tag", "name": "titleForPath", "path": "/home/kavia/workspace/code-generation/music-streamer-9845-9870/spotify_style_frontend/src/components/AppLayout.js", "pattern": "/^function titleForPath(pathname) {$/", "language": "JavaScript", "kind": "function", "signature": "(pathname)"}], "hash": "4b8f9bb02357ea6161e333b037db8063", "format-version": 4, "code-base-name": "spotify_style_frontend", "filename": "spotify_style_frontend/src/components/AppLayout.js", "revision_history": [{"53": "5a09bed87ed41855ec5f36e9f5df44bb45e49f48"}]}