{"is_source_file": true, "format": "JavaScript", "description": "This file is a JavaScript module implementing a minimal client for the Audius REST API. It provides functions to fetch trending tracks, search for tracks, retrieve track details by ID, and generate stream URLs, along with utility functions for data handling and artwork URL creation.", "external_files": ["fetch", "process.env"], "external_methods": ["fetch"], "published": ["getArtworkUrl", "getTrendingTracks", "searchTracks", "getTrackById", "getTrackStreamUrl"], "classes": [], "methods": [{"name": "getApiBase()", "description": "Returns the base URL for the Audius API, configurable through environment variables.", "scope": "", "scopeKind": ""}, {"name": "fetchJson(url, { signal } = {})", "description": "Performs a fetch request to the specified URL and returns the parsed JSON, throwing an error if the request fails.", "scope": "", "scopeKind": ""}, {"name": "unwrapData(payload)", "description": "Normalizes API responses by extracting the 'data' field if present.", "scope": "", "scopeKind": ""}, {"name": "getArtworkUrl(artwork, size = \"480x480\")", "description": "Creates a URL for artwork images of various sizes from an artwork object.", "scope": "", "scopeKind": ""}, {"name": "getTrendingTracks({ limit = 24, offset = 0, time = \"week\", signal } = {})", "description": "Fetches trending tracks from the Audius API with optional parameters for limit, offset, and time period.", "scope": "", "scopeKind": ""}, {"name": "searchTracks({ query, limit = 20, offset = 0, signal } = {})", "description": "Searches for tracks based on a query string with optional limit and offset.", "scope": "", "scopeKind": ""}, {"name": "getTrackById({ trackId, signal } = {})", "description": "Retrieves detailed information about a specific track using its ID.", "scope": "", "scopeKind": ""}, {"name": "getTrackStreamUrl(trackId)", "description": "Constructs the stream URL for a track, which redirects to the actual media content.", "scope": "", "scopeKind": ""}], "calls": ["fetch", "getApiBase()", "fetchJson()", "unwrapData()"], "search-terms": ["Audius API client", "track trending", "search tracks", "track details", "stream URL", "artwork URL construction"], "state": 2, "file_id": 13, "knowledge_revision": 43, "git_revision": "5a09bed87ed41855ec5f36e9f5df44bb45e49f48", "ctags": [{"_type": "tag", "name": "DEFAULT_AUDIUS_BASE", "path": "/home/kavia/workspace/code-generation/music-streamer-9845-9870/spotify_style_frontend/src/api/audius.js", "pattern": "/^const DEFAULT_AUDIUS_BASE = \"https:\\/\\/discoveryprovider.audius.co\";$/", "language": "JavaScript", "kind": "constant"}, {"_type": "tag", "name": "fetchJson", "path": "/home/kavia/workspace/code-generation/music-streamer-9845-9870/spotify_style_frontend/src/api/audius.js", "pattern": "/^async function fetchJson(url, { signal } = {}) {$/", "language": "JavaScript", "kind": "function", "signature": "(url, { signal } = {})"}, {"_type": "tag", "name": "getApiBase", "path": "/home/kavia/workspace/code-generation/music-streamer-9845-9870/spotify_style_frontend/src/api/audius.js", "pattern": "/^function getApiBase() {$/", "language": "JavaScript", "kind": "function", "signature": "()"}, {"_type": "tag", "name": "getArtworkUrl", "path": "/home/kavia/workspace/code-generation/music-streamer-9845-9870/spotify_style_frontend/src/api/audius.js", "pattern": "/^export function getArtworkUrl(artwork, size = \"480x480\") {$/", "language": "JavaScript", "kind": "function", "signature": "(artwork, size = \"480x480\")"}, {"_type": "tag", "name": "getTrackById", "path": "/home/kavia/workspace/code-generation/music-streamer-9845-9870/spotify_style_frontend/src/api/audius.js", "pattern": "/^export async function getTrackById({ trackId, signal } = {}) {$/", "language": "JavaScript", "kind": "function", "signature": "({ trackId, signal } = {})"}, {"_type": "tag", "name": "getTrackStreamUrl", "path": "/home/kavia/workspace/code-generation/music-streamer-9845-9870/spotify_style_frontend/src/api/audius.js", "pattern": "/^export function getTrackStreamUrl(trackId) {$/", "language": "JavaScript", "kind": "function", "signature": "(trackId)"}, {"_type": "tag", "name": "getTrendingTracks", "path": "/home/kavia/workspace/code-generation/music-streamer-9845-9870/spotify_style_frontend/src/api/audius.js", "pattern": "/^export async function getTrendingTracks({ limit = 24, offset = 0, time = \"week\", signal } = {}) /", "language": "JavaScript", "kind": "function", "signature": "({ limit = 24, offset = 0, time = \"week\", signal } = {})"}, {"_type": "tag", "name": "searchTracks", "path": "/home/kavia/workspace/code-generation/music-streamer-9845-9870/spotify_style_frontend/src/api/audius.js", "pattern": "/^export async function searchTracks({ query, limit = 20, offset = 0, signal } = {}) {$/", "language": "JavaScript", "kind": "function", "signature": "({ query, limit = 20, offset = 0, signal } = {})"}, {"_type": "tag", "name": "unwrapData", "path": "/home/kavia/workspace/code-generation/music-streamer-9845-9870/spotify_style_frontend/src/api/audius.js", "pattern": "/^function unwrapData(payload) {$/", "language": "JavaScript", "kind": "function", "signature": "(payload)"}], "hash": "fa62e7a98f4371b312bf123fb9d173df", "format-version": 4, "code-base-name": "spotify_style_frontend", "filename": "spotify_style_frontend/src/api/audius.js", "revision_history": [{"43": "5a09bed87ed41855ec5f36e9f5df44bb45e49f48"}]}