{"is_source_file": true, "file_id": 17, "git_revision": "", "state": 1, "description": "", "external_files": [], "external_methods": [], "published": [], "classes": [], "methods": [], "calls": [], "search-terms": [], "ctags": [{"_type": "tag", "name": "TrackRow", "path": "/home/kavia/workspace/code-generation/music-streamer-9845-9870/spotify_style_frontend/src/components/TrackRow.js", "pattern": "/^export default function TrackRow({ track }) {$/", "language": "JavaScript", "kind": "function", "signature": "({ track })"}, {"_type": "tag", "name": "cover", "path": "/home/kavia/workspace/code-generation/music-streamer-9845-9870/spotify_style_frontend/src/components/TrackRow.js", "pattern": "/^      {cover ? <img src={cover} alt=\"\" \\/> : <div className=\"badge\">\u2014<\\/div>}$/", "language": "JavaScript", "kind": "field", "scope": "TrackRow.cover", "scopeKind": "class"}, {"_type": "tag", "name": "isCurrent", "path": "/home/kavia/workspace/code-generation/music-streamer-9845-9870/spotify_style_frontend/src/components/TrackRow.js", "pattern": "/^          aria-label={isCurrent && isPlaying ? \"Playing\" : \"Play\"}$/", "language": "JavaScript", "kind": "field", "scope": "TrackRow.aria", "scopeKind": "class"}, {"_type": "tag", "name": "isCurrent", "path": "/home/kavia/workspace/code-generation/music-streamer-9845-9870/spotify_style_frontend/src/components/TrackRow.js", "pattern": "/^          title={isCurrent && isPlaying ? \"Now playing\" : \"Play\"}$/", "language": "JavaScript", "kind": "field", "scope": "TrackRow.title", "scopeKind": "class"}], "format": "JavaScript", "hash": "746e5c6e4f7a17816df14ef133c34ebe", "format-version": 4, "code-base-name": "spotify_style_frontend", "filename": "spotify_style_frontend/src/components/TrackRow.js", "knowledge_revision": 33}