{"is_source_file": true, "format": "JavaScript (React JSX)", "description": "Main application component for a React-based music streaming frontend. Sets up routing for different pages (Home, Search, Library, Track Details) and provides a playback context for persistent music control.", "external_files": ["./context/PlaybackContext", "./components/AppLayout", "./pages/HomePage", "./pages/SearchPage", "./pages/LibraryPage", "./pages/TrackDetailsPage", "./App.css"], "external_methods": [], "published": ["App"], "classes": [], "methods": [{"name": "NotFound()", "description": "React functional component that displays a 'page not found' message.", "scope": "", "scopeKind": ""}, {"name": "App()", "description": "Main React component that sets up routing and context for the app.", "scope": "", "scopeKind": ""}], "calls": ["React.createElement", "PlaybackProvider", "BrowserRouter", "Routes", "Route", "AppLayout", "HomePage", "SearchPage", "LibraryPage", "TrackDetailsPage"], "search-terms": ["React", "Routing", "PlaybackContext", "AppLayout", "react-router-dom", "single page application", "music streaming frontend"], "state": 2, "file_id": 8, "knowledge_revision": 40, "git_revision": "8bcb349268ee0613c7ec0d71aef423029c99528a", "revision_history": [{"25": "8bcb349268ee0613c7ec0d71aef423029c99528a"}, {"40": "8bcb349268ee0613c7ec0d71aef423029c99528a"}], "ctags": [{"_type": "tag", "name": "App", "path": "/home/kavia/workspace/code-generation/music-streamer-9845-9870/spotify_style_frontend/src/App.js", "pattern": "/^function App() {$/", "language": "JavaScript", "kind": "function", "signature": "()"}, {"_type": "tag", "name": "NotFound", "path": "/home/kavia/workspace/code-generation/music-streamer-9845-9870/spotify_style_frontend/src/App.js", "pattern": "/^function NotFound() {$/", "language": "JavaScript", "kind": "function", "signature": "()"}], "hash": "2319502c2e08f7d215894fe761055cb5", "format-version": 4, "code-base-name": "spotify_style_frontend", "filename": "spotify_style_frontend/src/App.js"}