{"is_source_file": false, "format": "", "description": "", "external_files": [], "external_methods": [], "published": [], "classes": [], "methods": [], "calls": [], "search-terms": [], "state": 2, "file_id": 12, "knowledge_revision": 21, "git_revision": "8bcb349268ee0613c7ec0d71aef423029c99528a", "hash": "be6538e7523bc2e9da0743133d784136", "format-version": 4, "code-base-name": "spotify_style_frontend", "filename": "spotify_style_frontend/eslint.config.mjs", "revision_history": [{"21": "8bcb349268ee0613c7ec0d71aef423029c99528a"}]}