{"is_source_file": true, "file_id": 16, "git_revision": "", "state": 1, "description": "", "external_files": [], "external_methods": [], "published": [], "classes": [], "methods": [], "calls": [], "search-terms": [], "ctags": [{"_type": "tag", "name": "TrackCard", "path": "/home/kavia/workspace/code-generation/music-streamer-9845-9870/spotify_style_frontend/src/components/TrackCard.js", "pattern": "/^export default function TrackCard({ track }) {$/", "language": "JavaScript", "kind": "function", "signature": "({ track })"}, {"_type": "tag", "name": "cover", "path": "/home/kavia/workspace/code-generation/music-streamer-9845-9870/spotify_style_frontend/src/components/TrackCard.js", "pattern": "/^          {cover ? <img src={cover} alt=\"\" \\/> : <div className=\"badge\">No artwork<\\/div>}$/", "language": "JavaScript", "kind": "field", "scope": "TrackCard.cover", "scopeKind": "class"}, {"_type": "tag", "name": "isCurrent", "path": "/home/kavia/workspace/code-generation/music-streamer-9845-9870/spotify_style_frontend/src/components/TrackCard.js", "pattern": "/^            aria-label={isCurrent && isPlaying ? \"Playing\" : \"Play\"}$/", "language": "JavaScript", "kind": "field", "scope": "TrackCard.aria", "scopeKind": "class"}, {"_type": "tag", "name": "isCurrent", "path": "/home/kavia/workspace/code-generation/music-streamer-9845-9870/spotify_style_frontend/src/components/TrackCard.js", "pattern": "/^            title={isCurrent && isPlaying ? \"Now playing\" : \"Play\"}$/", "language": "JavaScript", "kind": "field", "scope": "TrackCard.title", "scopeKind": "class"}], "format": "JavaScript", "hash": "3cd3e54c759e766ac270aa887666549e", "format-version": 4, "code-base-name": "spotify_style_frontend", "filename": "spotify_style_frontend/src/components/TrackCard.js", "knowledge_revision": 32}