{"is_source_file": false, "format": "", "description": "", "external_files": [], "external_methods": [], "published": [], "classes": [], "methods": [], "calls": [], "search-terms": [], "state": 2, "file_id": 4, "knowledge_revision": 27, "git_revision": "8bcb349268ee0613c7ec0d71aef423029c99528a", "hash": "3a666364619d529c0d16838399d0d370", "format-version": 4, "code-base-name": "spotify_style_frontend", "filename": "spotify_style_frontend/src/index.css", "revision_history": [{"27": "8bcb349268ee0613c7ec0d71aef423029c99528a"}]}