{"is_source_file": true, "file_id": 13, "git_revision": "", "state": 1, "description": "", "external_files": [], "external_methods": [], "published": [], "classes": [], "methods": [], "calls": [], "search-terms": [], "ctags": [{"_type": "tag", "name": "DEFAULT_AUDIUS_BASE", "path": "/home/kavia/workspace/code-generation/music-streamer-9845-9870/spotify_style_frontend/src/api/audius.js", "pattern": "/^const DEFAULT_AUDIUS_BASE = \"https:\\/\\/discoveryprovider.audius.co\";$/", "language": "JavaScript", "kind": "constant"}, {"_type": "tag", "name": "fetchJson", "path": "/home/kavia/workspace/code-generation/music-streamer-9845-9870/spotify_style_frontend/src/api/audius.js", "pattern": "/^async function fetchJson(url, { signal } = {}) {$/", "language": "JavaScript", "kind": "function", "signature": "(url, { signal } = {})"}, {"_type": "tag", "name": "getApiBase", "path": "/home/kavia/workspace/code-generation/music-streamer-9845-9870/spotify_style_frontend/src/api/audius.js", "pattern": "/^function getApiBase() {$/", "language": "JavaScript", "kind": "function", "signature": "()"}, {"_type": "tag", "name": "getArtworkUrl", "path": "/home/kavia/workspace/code-generation/music-streamer-9845-9870/spotify_style_frontend/src/api/audius.js", "pattern": "/^export function getArtworkUrl(artwork, size = \"480x480\") {$/", "language": "JavaScript", "kind": "function", "signature": "(artwork, size = \"480x480\")"}, {"_type": "tag", "name": "getTrackById", "path": "/home/kavia/workspace/code-generation/music-streamer-9845-9870/spotify_style_frontend/src/api/audius.js", "pattern": "/^export async function getTrackById({ trackId, signal } = {}) {$/", "language": "JavaScript", "kind": "function", "signature": "({ trackId, signal } = {})"}, {"_type": "tag", "name": "getTrackStreamUrl", "path": "/home/kavia/workspace/code-generation/music-streamer-9845-9870/spotify_style_frontend/src/api/audius.js", "pattern": "/^export function getTrackStreamUrl(trackId) {$/", "language": "JavaScript", "kind": "function", "signature": "(trackId)"}, {"_type": "tag", "name": "getTrendingTracks", "path": "/home/kavia/workspace/code-generation/music-streamer-9845-9870/spotify_style_frontend/src/api/audius.js", "pattern": "/^export async function getTrendingTracks({ limit = 24, offset = 0, time = \"week\", signal } = {}) /", "language": "JavaScript", "kind": "function", "signature": "({ limit = 24, offset = 0, time = \"week\", signal } = {})"}, {"_type": "tag", "name": "searchTracks", "path": "/home/kavia/workspace/code-generation/music-streamer-9845-9870/spotify_style_frontend/src/api/audius.js", "pattern": "/^export async function searchTracks({ query, limit = 20, offset = 0, signal } = {}) {$/", "language": "JavaScript", "kind": "function", "signature": "({ query, limit = 20, offset = 0, signal } = {})"}, {"_type": "tag", "name": "unwrapData", "path": "/home/kavia/workspace/code-generation/music-streamer-9845-9870/spotify_style_frontend/src/api/audius.js", "pattern": "/^function unwrapData(payload) {$/", "language": "JavaScript", "kind": "function", "signature": "(payload)"}], "format": "JavaScript", "hash": "fa62e7a98f4371b312bf123fb9d173df", "format-version": 4, "code-base-name": "spotify_style_frontend", "filename": "spotify_style_frontend/src/api/audius.js", "knowledge_revision": 29}