{"is_source_file": true, "file_id": 21, "git_revision": "", "state": 1, "description": "", "external_files": [], "external_methods": [], "published": [], "classes": [], "methods": [], "calls": [], "search-terms": [], "ctags": [{"_type": "tag", "name": "LS_KEY", "path": "/home/kavia/workspace/code-generation/music-streamer-9845-9870/spotify_style_frontend/src/pages/LibraryPage.js", "pattern": "/^const LS_KEY = \"ocean_player_library_track_ids\";$/", "language": "JavaScript", "kind": "constant"}, {"_type": "tag", "name": "LibraryPage", "path": "/home/kavia/workspace/code-generation/music-streamer-9845-9870/spotify_style_frontend/src/pages/LibraryPage.js", "pattern": "/^export default function LibraryPage() {$/", "language": "JavaScript", "kind": "function", "signature": "()"}, {"_type": "tag", "name": "loadIds", "path": "/home/kavia/workspace/code-generation/music-streamer-9845-9870/spotify_style_frontend/src/pages/LibraryPage.js", "pattern": "/^function loadIds() {$/", "language": "JavaScript", "kind": "function", "signature": "()"}, {"_type": "tag", "name": "saveIds", "path": "/home/kavia/workspace/code-generation/music-streamer-9845-9870/spotify_style_frontend/src/pages/LibraryPage.js", "pattern": "/^function saveIds(ids) {$/", "language": "JavaScript", "kind": "function", "signature": "(ids)"}], "format": "JavaScript", "hash": "342870c561b1e8eba453eb691253f7d3", "format-version": 4, "code-base-name": "spotify_style_frontend", "filename": "spotify_style_frontend/src/pages/LibraryPage.js", "knowledge_revision": 37}