{"is_source_file": true, "format": "JavaScript (React JSX)", "description": "A React component named 'TrackCard' that displays information about a music track, including artwork, title, artist, and a play button with playback controls.", "external_files": ["../api/audius", "../context/PlaybackContext", "react", "react-router-dom"], "external_methods": ["getArtworkUrl"], "published": ["default"], "classes": [], "methods": [{"name": "TrackCard({ track })", "description": "React functional component that renders a track cover with playback controls and metadata.", "scope": "", "scopeKind": ""}], "calls": ["usePlayback", "getArtworkUrl", "Link", "playTrack"], "search-terms": ["TrackCard", "React component", "music track display", "playback control", "artwork", "Track", "jsx", "Cover grid"], "state": 2, "file_id": 16, "knowledge_revision": 46, "git_revision": "5a09bed87ed41855ec5f36e9f5df44bb45e49f48", "ctags": [{"_type": "tag", "name": "TrackCard", "path": "/home/kavia/workspace/code-generation/music-streamer-9845-9870/spotify_style_frontend/src/components/TrackCard.js", "pattern": "/^export default function TrackCard({ track }) {$/", "language": "JavaScript", "kind": "function", "signature": "({ track })"}, {"_type": "tag", "name": "cover", "path": "/home/kavia/workspace/code-generation/music-streamer-9845-9870/spotify_style_frontend/src/components/TrackCard.js", "pattern": "/^          {cover ? <img src={cover} alt=\"\" \\/> : <div className=\"badge\">No artwork<\\/div>}$/", "language": "JavaScript", "kind": "field", "scope": "TrackCard.cover", "scopeKind": "class"}, {"_type": "tag", "name": "isCurrent", "path": "/home/kavia/workspace/code-generation/music-streamer-9845-9870/spotify_style_frontend/src/components/TrackCard.js", "pattern": "/^            aria-label={isCurrent && isPlaying ? \"Playing\" : \"Play\"}$/", "language": "JavaScript", "kind": "field", "scope": "TrackCard.aria", "scopeKind": "class"}, {"_type": "tag", "name": "isCurrent", "path": "/home/kavia/workspace/code-generation/music-streamer-9845-9870/spotify_style_frontend/src/components/TrackCard.js", "pattern": "/^            title={isCurrent && isPlaying ? \"Now playing\" : \"Play\"}$/", "language": "JavaScript", "kind": "field", "scope": "TrackCard.title", "scopeKind": "class"}], "hash": "3cd3e54c759e766ac270aa887666549e", "format-version": 4, "code-base-name": "spotify_style_frontend", "filename": "spotify_style_frontend/src/components/TrackCard.js", "fields": [{"name": "{cover ? <img src={cover} alt=\"\" \\/> : <div className=\"badge\">No artwork<\\/div>}", "scope": "TrackCard.cover", "scopeKind": "class", "description": "unavailable"}, {"name": "aria-label={isCurrent && isPlaying ? \"Playing\" : \"Play\"}", "scope": "TrackCard.aria", "scopeKind": "class", "description": "unavailable"}, {"name": "title={isCurrent && isPlaying ? \"Now playing\" : \"Play\"}", "scope": "TrackCard.title", "scopeKind": "class", "description": "unavailable"}], "revision_history": [{"46": "5a09bed87ed41855ec5f36e9f5df44bb45e49f48"}]}