{"is_source_file": true, "file_id": 23, "git_revision": "", "state": 1, "description": "", "external_files": [], "external_methods": [], "published": [], "classes": [], "methods": [], "calls": [], "search-terms": [], "ctags": [{"_type": "tag", "name": "AppLayout", "path": "/home/kavia/workspace/code-generation/music-streamer-9845-9870/spotify_style_frontend/src/components/AppLayout.js", "pattern": "/^export default function AppLayout() {$/", "language": "JavaScript", "kind": "function", "signature": "()"}, {"_type": "tag", "name": "titleForPath", "path": "/home/kavia/workspace/code-generation/music-streamer-9845-9870/spotify_style_frontend/src/components/AppLayout.js", "pattern": "/^function titleForPath(pathname) {$/", "language": "JavaScript", "kind": "function", "signature": "(pathname)"}], "format": "JavaScript", "hash": "4b8f9bb02357ea6161e333b037db8063", "format-version": 4, "code-base-name": "spotify_style_frontend", "filename": "spotify_style_frontend/src/components/AppLayout.js", "knowledge_revision": 39}