{"is_source_file": true, "format": "JavaScript", "description": "This file is the main entry point for a React web application, setting up rendering of the root component into the DOM.", "external_files": ["react", "react-dom/client", "./index.css", "./App"], "external_methods": ["ReactDOM.createRoot", "root.render"], "published": [], "classes": [], "methods": [{"name": "ReactDOM.createRoot", "description": "Creates a root for React rendering from the DOM element."}, {"name": "root.render", "description": "Renders the React component tree into the DOM."}], "calls": ["ReactDOM.createRoot", "root.render", "React.StrictMode", "App"], "search-terms": ["React", "ReactDOM", "index.js", "entry point", "render", "main component"], "state": 2, "file_id": 3, "knowledge_revision": 24, "git_revision": "8bcb349268ee0613c7ec0d71aef423029c99528a", "ctags": [{"_type": "tag", "name": "root", "path": "/home/kavia/workspace/code-generation/music-streamer-9845-9870/spotify_style_frontend/src/index.js", "pattern": "/^const root = ReactDOM.createRoot(document.getElementById('root'));$/", "language": "JavaScript", "kind": "constant"}], "hash": "9fc5841375336fc175b49f8767a11383", "format-version": 4, "code-base-name": "spotify_style_frontend", "filename": "spotify_style_frontend/src/index.js", "revision_history": [{"24": "8bcb349268ee0613c7ec0d71aef423029c99528a"}]}