{"is_source_file": true, "file_id": 20, "git_revision": "", "state": 1, "description": "", "external_files": [], "external_methods": [], "published": [], "classes": [], "methods": [], "calls": [], "search-terms": [], "ctags": [{"_type": "tag", "name": "SearchPage", "path": "/home/kavia/workspace/code-generation/music-streamer-9845-9870/spotify_style_frontend/src/pages/SearchPage.js", "pattern": "/^export default function SearchPage() {$/", "language": "JavaScript", "kind": "function", "signature": "()"}, {"_type": "tag", "name": "query", "path": "/home/kavia/workspace/code-generation/music-streamer-9845-9870/spotify_style_frontend/src/pages/SearchPage.js", "pattern": "/^              value={query}$/", "language": "JavaScript", "kind": "field", "scope": "SearchPage.value", "scopeKind": "class"}], "format": "JavaScript", "hash": "be995cded212de36eb4002b24dabf65f", "format-version": 4, "code-base-name": "spotify_style_frontend", "filename": "spotify_style_frontend/src/pages/SearchPage.js", "knowledge_revision": 36}