{"is_source_file": true, "file_id": 18, "git_revision": "", "state": 1, "description": "", "external_files": [], "external_methods": [], "published": [], "classes": [], "methods": [], "calls": [], "search-terms": [], "ctags": [{"_type": "tag", "name": "0", "path": "/home/kavia/workspace/code-generation/music-streamer-9845-9870/spotify_style_frontend/src/components/PlayerDock.js", "pattern": "/^            aria-valuemin={0}$/", "language": "JavaScript", "kind": "field", "scope": "PlayerDock.aria", "scopeKind": "class"}, {"_type": "tag", "name": "0", "path": "/home/kavia/workspace/code-generation/music-streamer-9845-9870/spotify_style_frontend/src/components/PlayerDock.js", "pattern": "/^            tabIndex={0}$/", "language": "JavaScript", "kind": "field", "scope": "PlayerDock.tabIndex", "scopeKind": "class"}, {"_type": "tag", "name": "0", "path": "/home/kavia/workspace/code-generation/music-streamer-9845-9870/spotify_style_frontend/src/components/PlayerDock.js", "pattern": "/^      min={0}$/", "language": "JavaScript", "kind": "field", "scope": "PlayerDock.VolumeSlider.min", "scopeKind": "class"}, {"_type": "tag", "name": "0", "path": "/home/kavia/workspace/code-generation/music-streamer-9845-9870/spotify_style_frontend/src/components/PlayerDock.js", "pattern": "/^      step={0.01}$/", "language": "JavaScript", "kind": "field", "scope": "PlayerDock.VolumeSlider.step", "scopeKind": "class"}, {"_type": "tag", "name": "1", "path": "/home/kavia/workspace/code-generation/music-streamer-9845-9870/spotify_style_frontend/src/components/PlayerDock.js", "pattern": "/^      max={1}$/", "language": "JavaScript", "kind": "field", "scope": "PlayerDock.VolumeSlider.max", "scopeKind": "class"}, {"_type": "tag", "name": "Math", "path": "/home/kavia/workspace/code-generation/music-streamer-9845-9870/spotify_style_frontend/src/components/PlayerDock.js", "pattern": "/^            aria-valuemax={Math.floor(duration || 0)}$/", "language": "JavaScript", "kind": "field", "scope": "PlayerDock.aria", "scopeKind": "class"}, {"_type": "tag", "name": "Math", "path": "/home/kavia/workspace/code-generation/music-streamer-9845-9870/spotify_style_frontend/src/components/PlayerDock.js", "pattern": "/^            aria-valuenow={Math.floor(position || 0)}$/", "language": "JavaScript", "kind": "field", "scope": "PlayerDock.aria", "scopeKind": "class"}, {"_type": "tag", "name": "PlayerDock", "path": "/home/kavia/workspace/code-generation/music-streamer-9845-9870/spotify_style_frontend/src/components/PlayerDock.js", "pattern": "/^export default function PlayerDock() {$/", "language": "JavaScript", "kind": "function", "signature": "()"}, {"_type": "tag", "name": "VolumeSlider", "path": "/home/kavia/workspace/code-generation/music-streamer-9845-9870/spotify_style_frontend/src/components/PlayerDock.js", "pattern": "/^function VolumeSlider() {$/", "language": "JavaScript", "kind": "function", "signature": "()", "scope": "PlayerDock", "scopeKind": "function"}, {"_type": "tag", "name": "cover", "path": "/home/kavia/workspace/code-generation/music-streamer-9845-9870/spotify_style_frontend/src/components/PlayerDock.js", "pattern": "/^        {cover ? <img src={cover} alt=\"\" \\/> : <div className=\"badge\">No track<\\/div>}$/", "language": "JavaScript", "kind": "field", "scope": "PlayerDock.cover", "scopeKind": "class"}, {"_type": "tag", "name": "isPlaying", "path": "/home/kavia/workspace/code-generation/music-streamer-9845-9870/spotify_style_frontend/src/components/PlayerDock.js", "pattern": "/^            aria-label={isPlaying ? \"Pause\" : \"Play\"}$/", "language": "JavaScript", "kind": "field", "scope": "PlayerDock.aria", "scopeKind": "class"}, {"_type": "tag", "name": "togglePlay", "path": "/home/kavia/workspace/code-generation/music-streamer-9845-9870/spotify_style_frontend/src/components/PlayerDock.js", "pattern": "/^            onClick={togglePlay}$/", "language": "JavaScript", "kind": "field", "scope": "PlayerDock.onClick", "scopeKind": "class"}, {"_type": "tag", "name": "useVolumeSetter", "path": "/home/kavia/workspace/code-generation/music-streamer-9845-9870/spotify_style_frontend/src/components/PlayerDock.js", "pattern": "/^function useVolumeSetter() {$/", "language": "JavaScript", "kind": "function", "signature": "()", "scope": "PlayerDock", "scopeKind": "function"}, {"_type": "tag", "name": "volume", "path": "/home/kavia/workspace/code-generation/music-streamer-9845-9870/spotify_style_frontend/src/components/PlayerDock.js", "pattern": "/^      value={volume}$/", "language": "JavaScript", "kind": "field", "scope": "PlayerDock.VolumeSlider.value", "scopeKind": "class"}], "format": "JavaScript", "hash": "686bbc90a0e6a09c39a7012b94d0ea30", "format-version": 4, "code-base-name": "spotify_style_frontend", "filename": "spotify_style_frontend/src/components/PlayerDock.js", "knowledge_revision": 34}