{"is_source_file": false, "format": "", "description": "", "external_files": [], "external_methods": [], "published": [], "classes": [], "methods": [], "calls": [], "search-terms": [], "state": 2, "file_id": 10, "knowledge_revision": 17, "git_revision": "8bcb349268ee0613c7ec0d71aef423029c99528a", "hash": "d2b40d02d5f7873d8a6713bad837edd4", "format-version": 4, "code-base-name": "spotify_style_frontend", "filename": "spotify_style_frontend/public/index.html", "revision_history": [{"17": "8bcb349268ee0613c7ec0d71aef423029c99528a"}]}