{"is_source_file": true, "file_id": 15, "git_revision": "", "state": 1, "description": "", "external_files": [], "external_methods": [], "published": [], "classes": [], "methods": [], "calls": [], "search-terms": [], "ctags": [{"_type": "tag", "name": "Icon", "path": "/home/kavia/workspace/code-generation/music-streamer-9845-9870/spotify_style_frontend/src/components/Sidebar.js", "pattern": "/^function Icon({ name }) {$/", "language": "JavaScript", "kind": "function", "signature": "({ name })"}, {"_type": "tag", "name": "Sidebar", "path": "/home/kavia/workspace/code-generation/music-streamer-9845-9870/spotify_style_frontend/src/components/Sidebar.js", "pattern": "/^export default function Sidebar() {$/", "language": "JavaScript", "kind": "function", "signature": "()"}, {"_type": "tag", "name": "className", "path": "/home/kavia/workspace/code-generation/music-streamer-9845-9870/spotify_style_frontend/src/components/Sidebar.js", "pattern": "/^  const common = { className: \"navIcon\", viewBox: \"0 0 24 24\", fill: \"none\", xmlns: \"http:\\/\\/ww/", "language": "JavaScript", "kind": "property", "scope": "Icon.common", "scopeKind": "class"}, {"_type": "tag", "name": "common", "path": "/home/kavia/workspace/code-generation/music-streamer-9845-9870/spotify_style_frontend/src/components/Sidebar.js", "pattern": "/^  const common = { className: \"navIcon\", viewBox: \"0 0 24 24\", fill: \"none\", xmlns: \"http:\\/\\/ww/", "language": "JavaScript", "kind": "class", "scope": "Icon", "scopeKind": "class"}, {"_type": "tag", "name": "fill", "path": "/home/kavia/workspace/code-generation/music-streamer-9845-9870/spotify_style_frontend/src/components/Sidebar.js", "pattern": "/^  const common = { className: \"navIcon\", viewBox: \"0 0 24 24\", fill: \"none\", xmlns: \"http:\\/\\/ww/", "language": "JavaScript", "kind": "property", "scope": "Icon.common", "scopeKind": "class"}, {"_type": "tag", "name": "isActive", "path": "/home/kavia/workspace/code-generation/music-streamer-9845-9870/spotify_style_frontend/src/components/Sidebar.js", "pattern": "/^  const linkClassName = ({ isActive }) => `navItem ${isActive ? \"navItemActive\" : \"\"}`;$/", "language": "JavaScript", "kind": "field", "scope": "Sidebar.linkClassName", "scopeKind": "class"}, {"_type": "tag", "name": "viewBox", "path": "/home/kavia/workspace/code-generation/music-streamer-9845-9870/spotify_style_frontend/src/components/Sidebar.js", "pattern": "/^  const common = { className: \"navIcon\", viewBox: \"0 0 24 24\", fill: \"none\", xmlns: \"http:\\/\\/ww/", "language": "JavaScript", "kind": "property", "scope": "Icon.common", "scopeKind": "class"}, {"_type": "tag", "name": "xmlns", "path": "/home/kavia/workspace/code-generation/music-streamer-9845-9870/spotify_style_frontend/src/components/Sidebar.js", "pattern": "/^  const common = { className: \"navIcon\", viewBox: \"0 0 24 24\", fill: \"none\", xmlns: \"http:\\/\\/ww/", "language": "JavaScript", "kind": "property", "scope": "Icon.common", "scopeKind": "class"}], "format": "JavaScript", "hash": "6a930a2080938b160914eabaab760e7e", "format-version": 4, "code-base-name": "spotify_style_frontend", "filename": "spotify_style_frontend/src/components/Sidebar.js", "knowledge_revision": 31}