{"is_source_file": true, "format": "JavaScript (React)", "description": "This is the main entry point for a React web application, setting up the React DOM root and rendering the App component within StrictMode.", "external_files": ["react", "react-dom/client", "./index.css", "./App"], "external_methods": ["ReactDOM.createRoot", "root.render"], "published": ["React", "ReactDOM", "App"], "classes": [], "methods": [{"name": "ReactDOM.createRoot", "description": "Creates a root for rendering React components."}, {"name": "root.render", "description": "Renders React components into the DOM."}], "calls": ["ReactDOM.createRoot", "root.render", "<React.StrictMode>", "<App />"], "search-terms": ["ReactDOM", "createRoot", "StrictMode", "App component", "index.js"], "state": 2, "file_id": 3, "knowledge_revision": 42, "git_revision": "5a09bed87ed41855ec5f36e9f5df44bb45e49f48", "revision_history": [{"24": "8bcb349268ee0613c7ec0d71aef423029c99528a"}, {"42": "5a09bed87ed41855ec5f36e9f5df44bb45e49f48"}], "ctags": [{"_type": "tag", "name": "root", "path": "/home/kavia/workspace/code-generation/music-streamer-9845-9870/spotify_style_frontend/src/index.js", "pattern": "/^const root = ReactDOM.createRoot(document.getElementById(\"root\"));$/", "language": "JavaScript", "kind": "constant"}], "hash": "c5fdafd1d21c91382ec28c1710d2c642", "format-version": 4, "code-base-name": "spotify_style_frontend", "filename": "spotify_style_frontend/src/index.js"}