{"is_source_file": true, "format": "JavaScript (React JSX)", "description": "This file defines a React component named Sidebar, which renders a sidebar navigation menu with icons and links for a music streaming interface. It includes an internal Icon subcomponent that renders SVG icons based on a 'name' prop.", "external_files": ["react", "react-router-dom"], "external_methods": ["NavLink"], "published": ["default"], "classes": [], "methods": [{"name": "linkClassName", "description": "A function that computes the className for NavLink components based on whether they are active."}, {"name": "Icon({ name })", "scope": "", "scopeKind": "", "description": "unavailable"}, {"name": "Sidebar()", "scope": "", "scopeKind": "", "description": "unavailable"}], "calls": ["React", "NavLink"], "search-terms": ["Sidebar component", "Icon SVG rendering", "react-router-dom NavLink", "navigation menu", "React JSX"], "state": 2, "file_id": 15, "knowledge_revision": 45, "git_revision": "5a09bed87ed41855ec5f36e9f5df44bb45e49f48", "ctags": [{"_type": "tag", "name": "Icon", "path": "/home/kavia/workspace/code-generation/music-streamer-9845-9870/spotify_style_frontend/src/components/Sidebar.js", "pattern": "/^function Icon({ name }) {$/", "language": "JavaScript", "kind": "function", "signature": "({ name })"}, {"_type": "tag", "name": "Sidebar", "path": "/home/kavia/workspace/code-generation/music-streamer-9845-9870/spotify_style_frontend/src/components/Sidebar.js", "pattern": "/^export default function Sidebar() {$/", "language": "JavaScript", "kind": "function", "signature": "()"}, {"_type": "tag", "name": "className", "path": "/home/kavia/workspace/code-generation/music-streamer-9845-9870/spotify_style_frontend/src/components/Sidebar.js", "pattern": "/^  const common = { className: \"navIcon\", viewBox: \"0 0 24 24\", fill: \"none\", xmlns: \"http:\\/\\/ww/", "language": "JavaScript", "kind": "property", "scope": "Icon.common", "scopeKind": "class"}, {"_type": "tag", "name": "common", "path": "/home/kavia/workspace/code-generation/music-streamer-9845-9870/spotify_style_frontend/src/components/Sidebar.js", "pattern": "/^  const common = { className: \"navIcon\", viewBox: \"0 0 24 24\", fill: \"none\", xmlns: \"http:\\/\\/ww/", "language": "JavaScript", "kind": "class", "scope": "Icon", "scopeKind": "class"}, {"_type": "tag", "name": "fill", "path": "/home/kavia/workspace/code-generation/music-streamer-9845-9870/spotify_style_frontend/src/components/Sidebar.js", "pattern": "/^  const common = { className: \"navIcon\", viewBox: \"0 0 24 24\", fill: \"none\", xmlns: \"http:\\/\\/ww/", "language": "JavaScript", "kind": "property", "scope": "Icon.common", "scopeKind": "class"}, {"_type": "tag", "name": "isActive", "path": "/home/kavia/workspace/code-generation/music-streamer-9845-9870/spotify_style_frontend/src/components/Sidebar.js", "pattern": "/^  const linkClassName = ({ isActive }) => `navItem ${isActive ? \"navItemActive\" : \"\"}`;$/", "language": "JavaScript", "kind": "field", "scope": "Sidebar.linkClassName", "scopeKind": "class"}, {"_type": "tag", "name": "viewBox", "path": "/home/kavia/workspace/code-generation/music-streamer-9845-9870/spotify_style_frontend/src/components/Sidebar.js", "pattern": "/^  const common = { className: \"navIcon\", viewBox: \"0 0 24 24\", fill: \"none\", xmlns: \"http:\\/\\/ww/", "language": "JavaScript", "kind": "property", "scope": "Icon.common", "scopeKind": "class"}, {"_type": "tag", "name": "xmlns", "path": "/home/kavia/workspace/code-generation/music-streamer-9845-9870/spotify_style_frontend/src/components/Sidebar.js", "pattern": "/^  const common = { className: \"navIcon\", viewBox: \"0 0 24 24\", fill: \"none\", xmlns: \"http:\\/\\/ww/", "language": "JavaScript", "kind": "property", "scope": "Icon.common", "scopeKind": "class"}], "hash": "6a930a2080938b160914eabaab760e7e", "format-version": 4, "code-base-name": "spotify_style_frontend", "filename": "spotify_style_frontend/src/components/Sidebar.js", "fields": [{"name": "const common = { className: \"navIcon\", viewBox: \"0 0 24 24\", fill: \"none\", xmlns: \"http:\\/\\/ww/", "scope": "Icon.common", "scopeKind": "class", "description": "unavailable"}, {"name": "const linkClassName = ({ isActive }) => `navItem ${isActive ? \"navItemActive\" : \"\"}`;", "scope": "Sidebar.linkClassName", "scopeKind": "class", "description": "unavailable"}], "revision_history": [{"45": "5a09bed87ed41855ec5f36e9f5df44bb45e49f48"}]}