{"is_source_file": true, "format": "JavaScript (React JSX)", "description": "This file defines a React component 'TrackRow' that renders a UI row for a music track, including artwork, title, artist, and playback controls. It interacts with context and external API functions to control playback and retrieve artwork.", "external_files": ["../api/audius", "../context/PlaybackContext", "react", "react-router-dom"], "external_methods": ["getArtworkUrl", "usePlayback"], "published": ["default"], "classes": [], "methods": [{"name": "TrackRow({ track })", "description": "React functional component rendering a music track row with artwork, title, artist, and controls.", "scope": "", "scopeKind": ""}], "calls": ["React", "Link", "getArtworkUrl", "usePlayback", "addToQueue", "playTrack"], "search-terms": ["TrackRow", "artwork", "playTrack", "addToQueue", "music track component"], "state": 2, "file_id": 17, "knowledge_revision": 47, "git_revision": "5a09bed87ed41855ec5f36e9f5df44bb45e49f48", "ctags": [{"_type": "tag", "name": "TrackRow", "path": "/home/kavia/workspace/code-generation/music-streamer-9845-9870/spotify_style_frontend/src/components/TrackRow.js", "pattern": "/^export default function TrackRow({ track }) {$/", "language": "JavaScript", "kind": "function", "signature": "({ track })"}, {"_type": "tag", "name": "cover", "path": "/home/kavia/workspace/code-generation/music-streamer-9845-9870/spotify_style_frontend/src/components/TrackRow.js", "pattern": "/^      {cover ? <img src={cover} alt=\"\" \\/> : <div className=\"badge\">\u2014<\\/div>}$/", "language": "JavaScript", "kind": "field", "scope": "TrackRow.cover", "scopeKind": "class"}, {"_type": "tag", "name": "isCurrent", "path": "/home/kavia/workspace/code-generation/music-streamer-9845-9870/spotify_style_frontend/src/components/TrackRow.js", "pattern": "/^          aria-label={isCurrent && isPlaying ? \"Playing\" : \"Play\"}$/", "language": "JavaScript", "kind": "field", "scope": "TrackRow.aria", "scopeKind": "class"}, {"_type": "tag", "name": "isCurrent", "path": "/home/kavia/workspace/code-generation/music-streamer-9845-9870/spotify_style_frontend/src/components/TrackRow.js", "pattern": "/^          title={isCurrent && isPlaying ? \"Now playing\" : \"Play\"}$/", "language": "JavaScript", "kind": "field", "scope": "TrackRow.title", "scopeKind": "class"}], "hash": "746e5c6e4f7a17816df14ef133c34ebe", "format-version": 4, "code-base-name": "spotify_style_frontend", "filename": "spotify_style_frontend/src/components/TrackRow.js", "fields": [{"name": "{cover ? <img src={cover} alt=\"\" \\/> : <div className=\"badge\">\u2014<\\/div>}", "scope": "TrackRow.cover", "scopeKind": "class", "description": "unavailable"}, {"name": "aria-label={isCurrent && isPlaying ? \"Playing\" : \"Play\"}", "scope": "TrackRow.aria", "scopeKind": "class", "description": "unavailable"}, {"name": "title={isCurrent && isPlaying ? \"Now playing\" : \"Play\"}", "scope": "TrackRow.title", "scopeKind": "class", "description": "unavailable"}], "revision_history": [{"47": "5a09bed87ed41855ec5f36e9f5df44bb45e49f48"}]}