{"is_source_file": true, "format": "JavaScript (React JSX)", "description": "This file defines a React functional component named Sidebar, which renders a sidebar navigation menu with links to Home, Search, and Library, including associated icons, and some footer information.", "external_files": ["react", "react-router-dom"], "external_methods": ["NavLink"], "published": ["Sidebar"], "classes": [], "methods": [{"name": "Icon({ name })", "description": "A React component that renders SVG icons based on the 'name' prop.", "scope": "", "scopeKind": ""}, {"name": "linkClassName", "description": "Function to assign class names to navigation links based on their active state."}, {"name": "Sidebar()", "scope": "", "scopeKind": "", "description": "unavailable"}], "calls": ["React", "NavLink", "Icon"], "search-terms": ["Sidebar", "navItem", "Icon component", "React router", "SVG icons"], "state": 2, "file_id": 15, "knowledge_revision": 56, "git_revision": "5a09bed87ed41855ec5f36e9f5df44bb45e49f48", "revision_history": [{"45": "5a09bed87ed41855ec5f36e9f5df44bb45e49f48"}, {"56": "5a09bed87ed41855ec5f36e9f5df44bb45e49f48"}], "ctags": [{"_type": "tag", "name": "Icon", "path": "/home/kavia/workspace/code-generation/music-streamer-9845-9870/spotify_style_frontend/src/components/Sidebar.js", "pattern": "/^function Icon({ name }) {$/", "language": "JavaScript", "kind": "function", "signature": "({ name })"}, {"_type": "tag", "name": "Sidebar", "path": "/home/kavia/workspace/code-generation/music-streamer-9845-9870/spotify_style_frontend/src/components/Sidebar.js", "pattern": "/^export default function Sidebar() {$/", "language": "JavaScript", "kind": "function", "signature": "()"}, {"_type": "tag", "name": "className", "path": "/home/kavia/workspace/code-generation/music-streamer-9845-9870/spotify_style_frontend/src/components/Sidebar.js", "pattern": "/^  const common = { className: \"navIcon\", viewBox: \"0 0 24 24\", fill: \"none\", xmlns: \"http:\\/\\/ww/", "language": "JavaScript", "kind": "property", "scope": "Icon.common", "scopeKind": "class"}, {"_type": "tag", "name": "common", "path": "/home/kavia/workspace/code-generation/music-streamer-9845-9870/spotify_style_frontend/src/components/Sidebar.js", "pattern": "/^  const common = { className: \"navIcon\", viewBox: \"0 0 24 24\", fill: \"none\", xmlns: \"http:\\/\\/ww/", "language": "JavaScript", "kind": "class", "scope": "Icon", "scopeKind": "class"}, {"_type": "tag", "name": "fill", "path": "/home/kavia/workspace/code-generation/music-streamer-9845-9870/spotify_style_frontend/src/components/Sidebar.js", "pattern": "/^  const common = { className: \"navIcon\", viewBox: \"0 0 24 24\", fill: \"none\", xmlns: \"http:\\/\\/ww/", "language": "JavaScript", "kind": "property", "scope": "Icon.common", "scopeKind": "class"}, {"_type": "tag", "name": "isActive", "path": "/home/kavia/workspace/code-generation/music-streamer-9845-9870/spotify_style_frontend/src/components/Sidebar.js", "pattern": "/^  const linkClassName = ({ isActive }) => `navItem ${isActive ? \"navItemActive\" : \"\"}`;$/", "language": "JavaScript", "kind": "field", "scope": "Sidebar.linkClassName", "scopeKind": "class"}, {"_type": "tag", "name": "viewBox", "path": "/home/kavia/workspace/code-generation/music-streamer-9845-9870/spotify_style_frontend/src/components/Sidebar.js", "pattern": "/^  const common = { className: \"navIcon\", viewBox: \"0 0 24 24\", fill: \"none\", xmlns: \"http:\\/\\/ww/", "language": "JavaScript", "kind": "property", "scope": "Icon.common", "scopeKind": "class"}, {"_type": "tag", "name": "xmlns", "path": "/home/kavia/workspace/code-generation/music-streamer-9845-9870/spotify_style_frontend/src/components/Sidebar.js", "pattern": "/^  const common = { className: \"navIcon\", viewBox: \"0 0 24 24\", fill: \"none\", xmlns: \"http:\\/\\/ww/", "language": "JavaScript", "kind": "property", "scope": "Icon.common", "scopeKind": "class"}], "hash": "64421dcee54c7009590dcc96d9aedf92", "format-version": 4, "code-base-name": "spotify_style_frontend", "filename": "spotify_style_frontend/src/components/Sidebar.js", "fields": [{"name": "const common = { className: \"navIcon\", viewBox: \"0 0 24 24\", fill: \"none\", xmlns: \"http:\\/\\/ww/", "scope": "Icon.common", "scopeKind": "class", "description": "unavailable"}, {"name": "const linkClassName = ({ isActive }) => `navItem ${isActive ? \"navItemActive\" : \"\"}`;", "scope": "Sidebar.linkClassName", "scopeKind": "class", "description": "unavailable"}]}