{"is_source_file": true, "format": "JavaScript", "description": "This file is a React component named HomePage that displays trending tracks fetched from an API. It manages state for track data, selected time interval, and loading/error status. It renders a header with buttons to select different time ranges and a grid of TrackCard components for each track.", "external_files": ["../api/audius", "../components/TrackCard"], "external_methods": ["getTrendingTracks"], "published": ["HomePage"], "classes": [], "methods": [{"name": "HomePage()", "description": "React functional component displaying trending tracks that fetches data on component mount and updates the display based on user-selected time range.", "scope": "", "scopeKind": ""}], "calls": ["useEffect", "setStatus", "getTrendingTracks", "setTracks", "setTime", "setStatus"], "search-terms": ["HomePage", "Trending tracks", "useEffect", "getTrendingTracks", "TrackCard", "Audius IDs"], "state": 2, "file_id": 19, "knowledge_revision": 49, "git_revision": "5a09bed87ed41855ec5f36e9f5df44bb45e49f48", "ctags": [{"_type": "tag", "name": "HomePage", "path": "/home/kavia/workspace/code-generation/music-streamer-9845-9870/spotify_style_frontend/src/pages/HomePage.js", "pattern": "/^export default function HomePage() {$/", "language": "JavaScript", "kind": "function", "signature": "()"}], "hash": "28aa9a079db7786da993680f4a5ae373", "format-version": 4, "code-base-name": "spotify_style_frontend", "filename": "spotify_style_frontend/src/pages/HomePage.js", "revision_history": [{"49": "5a09bed87ed41855ec5f36e9f5df44bb45e49f48"}]}