{"is_source_file": false, "format": "", "description": "", "external_files": [], "external_methods": [], "published": [], "classes": [], "methods": [{"name": "Audio()", "scope": "", "scopeKind": "", "description": "unavailable"}], "calls": [], "search-terms": [], "state": 2, "file_id": 7, "knowledge_revision": 55, "git_revision": "8bcb349268ee0613c7ec0d71aef423029c99528a", "ctags": [{"_type": "tag", "name": "Audio", "path": "/home/kavia/workspace/code-generation/music-streamer-9845-9870/spotify_style_frontend/src/setupTests.js", "pattern": "/^      value: function Audio() {$/", "language": "JavaScript", "kind": "function", "signature": "()"}], "hash": "1ee14a46870232e3f45cff1c9a56752b", "format-version": 4, "code-base-name": "spotify_style_frontend", "filename": "spotify_style_frontend/src/setupTests.js", "revision_history": [{"55": "8bcb349268ee0613c7ec0d71aef423029c99528a"}]}