{"is_source_file": true, "format": "JavaScript (React JSX)", "description": "This file defines a React component called LibraryPage that manages and displays a user's library of locally saved track IDs. It includes functions for loading and saving IDs from local storage, fetching track details asynchronously, and rendering UI elements such as buttons and track cards.", "external_files": ["../api/audius", "../components/TrackCard"], "external_methods": ["getTrackById"], "published": [], "classes": [], "methods": [{"name": "loadIds()", "description": "Load saved track IDs from local storage, parsing JSON or returning an empty array on failure.", "scope": "", "scopeKind": ""}, {"name": "saveIds(ids)", "description": "Save track IDs array to local storage as a JSON string.", "scope": "", "scopeKind": ""}, {"name": "LibraryPage()", "description": "Main React component managing library state, fetching track data, and rendering the UI.", "scope": "", "scopeKind": ""}, {"name": "addRandomExamples", "description": "Add predefined example track IDs to the library for demonstration purposes."}, {"name": "clear", "description": "Clear the library by resetting track IDs and track data."}], "calls": ["getTrackById", "setTrackIds", "saveIds", "setTracks", "setStatus"], "search-terms": ["LibraryPage", "localStorage getItem", "React useEffect fetch tracks", "TrackCard component", "Audius track IDs"], "state": 2, "file_id": 21, "knowledge_revision": 51, "git_revision": "5a09bed87ed41855ec5f36e9f5df44bb45e49f48", "ctags": [{"_type": "tag", "name": "LS_KEY", "path": "/home/kavia/workspace/code-generation/music-streamer-9845-9870/spotify_style_frontend/src/pages/LibraryPage.js", "pattern": "/^const LS_KEY = \"ocean_player_library_track_ids\";$/", "language": "JavaScript", "kind": "constant"}, {"_type": "tag", "name": "LibraryPage", "path": "/home/kavia/workspace/code-generation/music-streamer-9845-9870/spotify_style_frontend/src/pages/LibraryPage.js", "pattern": "/^export default function LibraryPage() {$/", "language": "JavaScript", "kind": "function", "signature": "()"}, {"_type": "tag", "name": "loadIds", "path": "/home/kavia/workspace/code-generation/music-streamer-9845-9870/spotify_style_frontend/src/pages/LibraryPage.js", "pattern": "/^function loadIds() {$/", "language": "JavaScript", "kind": "function", "signature": "()"}, {"_type": "tag", "name": "saveIds", "path": "/home/kavia/workspace/code-generation/music-streamer-9845-9870/spotify_style_frontend/src/pages/LibraryPage.js", "pattern": "/^function saveIds(ids) {$/", "language": "JavaScript", "kind": "function", "signature": "(ids)"}], "hash": "342870c561b1e8eba453eb691253f7d3", "format-version": 4, "code-base-name": "spotify_style_frontend", "filename": "spotify_style_frontend/src/pages/LibraryPage.js", "revision_history": [{"51": "5a09bed87ed41855ec5f36e9f5df44bb45e49f48"}]}